Отметка времени,В каком вы классе?,"Участвовали ли вы или хотели участвовать в олимпиаде, конкурсе, обменной или летней программе, стипендии? ",Где вы обычно узнаёте о таких возможностях?,"Понятно ли вам обычно, подходите ли вы по условиям(возраст, класс, язык)? ",Что чаще всего мешает подать заявку?,"Пользовались бы вы приложением, которое подбирает возможности под вас и строит план с напоминаниями?",Учтён в анализе
26.09.2026 17:43:18,12,учатсвовал,Instagram,Да,Не успел подготовить документы или язык,Нет,да
26.09.2026 17:45:39,12,учатсвовал,учитель,Да,Не знал вовремя,Да,да
26.09.2026 17:50:55,12,не интересовался,учитель,Да,Не знал вовремя,Да,да
26.09.2026 17:51:03,12,учатсвовал,Instagram,Не всегда,Не знал вовремя,Да,да
26.09.2026 17:58:17,11,учатсвовал,учитель,Да,Не знал вовремя,Да,да
26.09.2026 18:08:00,12,"хотел, но не подал",Instagram,Не всегда,Не успел подготовить документы или язык,Да,да
26.09.2026 18:44:38,12,учатсвовал,учитель,Не всегда,Не знал вовремя,Да,да
26.09.2026 18:47:26,12,"хотел, но не подал",Не узнаю,Не всегда,Не знал вовремя,Да,да
26.09.2026 18:48:07,11,"хотел, но не подал",Друзья,Да,Не знал вовремя,Да,да
26.09.2026 18:48:57,10,"хотел, но не подал",учитель,Не всегда,"Не верю, что пройду",Возможно,да
26.09.2026 18:48:58,Вуз,не интересовался,Друзья,Да,Не знал вовремя,Нет,да
26.09.2026 18:50:47,Вуз,не интересовался,учитель,Да,Не успел подготовить документы или язык,Возможно,да
26.09.2026 18:54:09,Вуз,учатсвовал,учитель,Да,Не знал вовремя,Возможно,да
26.09.2026 18:56:35,Вуз,"хотел, но не подал",Instagram,Не всегда,Не понял условия,Нет,да
26.09.2026 19:02:00,Вуз,не интересовался,Instagram,Не всегда,Не знал вовремя,Да,да
26.09.2026 19:16:37,10,"хотел, но не подал",Instagram,Не всегда,Не понял условия,Да,да
26.09.2026 19:18:50,12,"хотел, но не подал",Друзья,Да,Не хватило денег,Да,да
26.09.2026 19:19:07,Вуз,"хотел, но не подал",Друзья,Да,Не знал вовремя,Нет,да
26.09.2026 19:27:05,12,не интересовался,учитель,Да,"Не верю, что пройду",Нет,да
26.09.2026 19:32:59,12,не интересовался,Не узнаю,Нет,"Не верю, что пройду",Возможно,да
26.09.2026 19:41:11,[исключён: оскорбительный/бессмысленный ответ],[исключён: оскорбительный/бессмысленный ответ],[исключён: оскорбительный/бессмысленный ответ],[исключён: оскорбительный/бессмысленный ответ],[исключён: оскорбительный/бессмысленный ответ],[исключён: оскорбительный/бессмысленный ответ],нет
26.09.2026 19:41:53,[исключён: отмечены все варианты во всех вопросах],[исключён: отмечены все варианты во всех вопросах],[исключён: отмечены все варианты во всех вопросах],[исключён: отмечены все варианты во всех вопросах],[исключён: отмечены все варианты во всех вопросах],[исключён: отмечены все варианты во всех вопросах],нет
26.09.2026 19:48:07,9,учатсвовал,"учитель, Telegram, Instagram, Друзья, Сайты организаторов",Да,"Не знал вовремя, Ничего",Нет,да
26.09.2026 20:24:27,12,учатсвовал,"Telegram, Instagram",Да,"Не знал вовремя, Не успел подготовить документы или язык, Не хватило денег, Не верю, что пройду",Да,да
